"URL","IS SENIOR","PRICE","SCHOOL SCORE","SCHOOL DISTANCE","SCHOOL NAME","DRIVE DISTANCE(KM)","DRIVE DURATION(MIN)","DAYS ON MARKET","PROPERTY TYPE","LOCATION","ZIP","BEDS","BATHS","SQUARE FEET","YEAR BUILT","HOA/MONTH","FAVORITE","NEXT OPEN HOUSE START TIME","NEXT OPEN HOUSE END TIME"
"http://www.redfin.com/CA/San-Jose/6102-Urlin-Ct-95123/home/990846","N","760000","8","0.5","Taylor (bertha) Elementary School","27.0","22","1","Single Family Residential","SAN JOSE","95123","4","2.0","1556","1969","","N","August-26-2017 01:00 PM","August-26-2017 04:00 PM"
"http://www.redfin.com/CA/San-Jose/704-N-12th-St-95112/home/1328829","N","758888","4","1.4","Walter L. Bachrodt Elementary School","10.0","12","1","Single Family Residential","SAN JOSE","95112","3","2.0","1484","1974","","N","August-26-2017 01:00 PM","August-26-2017 04:00 PM"
"http://www.redfin.com/CA/Gilroy/2109-Gullane-Way-95020/home/1762325","N","789900","7","1.7","Las Animas Elementary School","62.8","45","1","Single Family Residential","GILROY","95020","4","3.5","2333","2004","246","N","",""
"http://www.redfin.com/CA/San-Jose/800-N-8th-St-95112/unit-218/home/1573373","N","695000","4","1.2","Walter L. Bachrodt Elementary School","10.1","13","1","Condo/Co-op","SAN JOSE","95112","3","2.0","1370","2004","399","N","August-26-2017 12:00 PM","August-26-2017 04:00 PM"
"http://www.redfin.com/CA/San-Jose/1259-Hillsdale-Ave-95118/home/855533","N","729000","8","0.5","Schallenberger Elementary School","19.2","17","1","Single Family Residential","SAN JOSE","95118","3","2.0","1176","1956","","N","August-26-2017 01:00 PM","August-26-2017 04:00 PM"
"http://www.redfin.com/CA/San-Jose/1430-Grand-Blvd-95002/home/548714","N","759000","6","0.3","George Mayne Elementary School","8.7","14","1","Single Family Residential","ALVISO","95002","3","2.0","1256","1940","","N","August-26-2017 01:00 PM","August-26-2017 04:00 PM"
"http://www.redfin.com/CA/Milpitas/574-Heath-St-95035/home/1640712","N","888885","8","0.6","Anthony Spangler Elementary School","16.5","17","1","Single Family Residential","MILPITAS","95035","4","2.0","1370","1959","","N","",""
"http://www.redfin.com/CA/San-Jose/7350-Via-Laguna-95135/home/681411","Y","699000","7","2.0","Laurelwood Elementary School","26.8","26","1","Condo/Co-op","SAN JOSE","95135","2","2.0","1442","1983","750","N","",""
"http://www.redfin.com/CA/San-Jose/2406-Lincoln-Village-Dr-95125/home/850226","N","809000","10","1.2","Booksin Elementary School","18.1","18","1","Townhouse","SAN JOSE","95125","2","2.0","1264","1977","409","N","August-26-2017 01:00 PM","August-26-2017 04:00 PM"
"http://www.redfin.com/CA/San-Jose/1621-Thorncrest-Dr-95131/home/1576997","N","599000","7","1.5","Brooktree Elementary School","11.7","14","1","Condo/Co-op","SAN JOSE","95131","2","2.0","922","1987","414","N","August-26-2017 12:00 PM","August-26-2017 03:00 PM"
"http://www.redfin.com/CA/San-Jose/318-Doris-Ave-95127/home/1597557","N","748888","4","0.2","Lyndale Elementary School","17.4","16","1","Single Family Residential","SAN JOSE","95127","4","2.0","2496","1947","","N","August-26-2017 12:00 PM","August-26-2017 03:00 PM"
"http://www.redfin.com/CA/Santa-Clara/3740-Miraverde-Ct-95051/unit-127/home/1562805","N","728400","8","0.5","Ponderosa Elementary School","4.8","11","1","Condo/Co-op","SANTA CLARA","95051","2","1.0","920","1986","352","N","August-26-2017 02:00 PM","August-26-2017 05:00 PM"
"http://www.redfin.com/CA/San-Jose/7704-Galloway-Dr-95135/home/1571845","Y","615000","10","1.4","Silver Oak Elementary School","27.5","27","1","Condo/Co-op","SAN JOSE","95135","2","2.0","1490","1989","691","N","",""
"http://www.redfin.com/CA/San-Jose/635-Celebration-Ct-95134/home/546466","N","675000","6","1.6","Montague Elementary School","6.7","12","1","Condo/Co-op","SAN JOSE","95134","2","2.0","925","1992","285","Y","August-26-2017 01:00 PM","August-26-2017 04:00 PM"
"http://www.redfin.com/CA/Milpitas/52-Wind-Song-95035/home/1721660","N","799000","8","0.7","Pearl Zanker Elementary School","10.7","20","1","Condo/Co-op","MILPITAS","95035","2","2.5","1353","2000","240","N","August-26-2017 12:00 PM","August-26-2017 05:00 PM"
"http://www.redfin.com/CA/San-Jose/7335-Prindiville-Dr-95138/home/1521186","N","899999","7","0.5","Los Paseos Elementary School","29.0","22","1","Single Family Residential","SAN JOSE","95138","4","3.0","1827","1992","","N","August-26-2017 01:00 PM","August-26-2017 04:00 PM"
"http://www.redfin.com/CA/San-Jose/5293-Country-Oak-Ct-95136/home/1423630","N","730000","6","0.6","Hayes Elementary School","24.8","22","1","Single Family Residential","SAN JOSE","95136","3","2.5","1451","1988","86","N","August-26-2017 01:00 PM","August-26-2017 04:00 PM"
"http://www.redfin.com/CA/Sunnyvale/871-Lakehaven-Dr-94089/home/585127","N","878888","4","0.2","Lakewood Elementary School","5.8","8","1","Single Family Residential","SUNNYVALE","94089","3","2.0","964","1959","","N","August-26-2017 01:00 PM","August-26-2017 04:00 PM"
"http://www.redfin.com/CA/Morgan-Hill/765-Alamo-Dr-95037/home/1750307","N","724950","9","0.5","Paradise Valley/machado Elementary School","49.5","33","1","Single Family Residential","MORGAN HILL","95037","3","2.0","1727","1976","","N","August-26-2017 01:00 PM","August-26-2017 04:00 PM"
"http://www.redfin.com/CA/Morgan-Hill/110-Curry-Ave-95037/home/790804","N","899998","3","1.8","P. A. Walsh Elementary School","42.3","30","1","Single Family Residential","MORGAN HILL","95037","3","2.5","2542","2003","90","N","August-26-2017 01:00 PM","August-26-2017 04:00 PM"
"http://www.redfin.com/CA/San-Jose/620-N-2nd-St-95112/home/1305233","N","749888","3","0.6","Grant Elementary School","10.0","12","1","Single Family Residential","SAN JOSE","95112","2","1.0","908","1924","","N","August-27-2017 01:00 PM","August-27-2017 04:00 PM"
"http://www.redfin.com/CA/San-Jose/14940-Ridgetop-Dr-95127/home/943055","N","888000","9","0.4","Noble Elementary School","21.1","21","1","Single Family Residential","SAN JOSE","95127","3","2.0","1239","1957","","N","",""
"http://www.redfin.com/CA/San-Jose/1094-Loupe-Ave-95121/home/1204424","N","839000","7","0.3","Windmill Springs Elementary School","20.1","17","1","Single Family Residential","SAN JOSE","95121","4","2.0","1757","1976","","N","August-26-2017 01:00 PM","August-26-2017 04:00 PM"
"http://www.redfin.com/CA/San-Jose/3299-Arqueado-Dr-95148/home/1422491","N","749000","7","0.3","Cedar Grove Elementary School","21.5","24","1","Single Family Residential","SAN JOSE","95148","4","2.0","1400","1971","","N","August-26-2017 01:00 PM","August-26-2017 04:00 PM"
"http://www.redfin.com/CA/San-Jose/2221-Amberwood-Ln-95132/home/620066","N","595000","8","0.4","Laneview Elementary School","12.5","21","1","Townhouse","SAN JOSE","95132","3","1.5","1159","1972","210","N","August-26-2017 01:30 PM","August-26-2017 04:30 PM"
"http://www.redfin.com/CA/Palo-Alto/315-Poe-St-94301/home/671859","N","900000","10","1.0","Addison Elementary School","23.0","22","1","Condo/Co-op","PALO ALTO","94301","1","1.0","737","1960","165","N","August-27-2017 01:00 PM","August-27-2017 04:00 PM"
"http://www.redfin.com/CA/San-Jose/3115-Loma-Verde-Dr-95117/unit-33/home/1725604","N","649000","4","0.4","Rosemary Elementary School","9.6","14","1","Townhouse","SAN JOSE","95117","2","2.5","1306","1976","290","N","August-26-2017 01:30 PM","August-26-2017 04:30 PM"
"http://www.redfin.com/CA/Gilroy/7031-Eigleberry-St-95020/home/1845566","N","519000","4","0.6","Glen View Elementary School","61.8","40","1","Single Family Residential","GILROY","95020","2","1.0","1144","1948","","N","August-26-2017 01:00 PM","August-26-2017 04:00 PM"
"http://www.redfin.com/CA/San-Jose/5025-Broken-Arrow-Dr-95136/home/984028","N","549000","6","0.3","Hayes Elementary School","22.4","22","1","Townhouse","SAN JOSE","95136","2","2.5","1196","1986","325","N","August-26-2017 01:30 PM","August-26-2017 04:30 PM"
"http://www.redfin.com/CA/San-Jose/1123-Dinkel-Ct-95118/home/923514","N","729000","4","0.7","Almaden Elementary School","20.1","20","1","Townhouse","SAN JOSE","95118","3","2.5","1573","1981","284","N","August-26-2017 01:00 PM","August-26-2017 04:00 PM"
"http://www.redfin.com/CA/Sunnyvale/609-San-Conrado-Ter-94085/unit-8/home/1113601","N","675000","6","0.6","Bishop Elementary School","6.8","9","1","Condo/Co-op","SUNNYVALE","94085","2","2.0","1078","1985","381","N","August-26-2017 01:30 PM","August-26-2017 04:00 PM"
"http://www.redfin.com/CA/Gilroy/8310-Springdale-Ct-95020/home/1288727","N","549000","6","2.6","Rucker Elementary School","59.3","38","1","Single Family Residential","GILROY","95020","3","2.0","1256","1979","","N","",""
"http://www.redfin.com/CA/San-Jose/936-Farrar-Ct-95125/home/678476","N","785000","5","0.4","Canoas Elementary School","18.0","17","1","Condo/Co-op","SAN JOSE","95125","3","2.5","1712","1999","290","N","August-27-2017 01:00 PM","August-27-2017 04:00 PM"
"http://www.redfin.com/CA/San-Jose/1616-Salamoni-Ct-95133/home/2121962","N","899888","8","0.8","Vinci Park Elementary School","11.9","15","1","Single Family Residential","SAN JOSE","95133","4","3.5","2394","2005","123","N","August-26-2017 01:00 PM","August-26-2017 04:00 PM"
"http://www.redfin.com/CA/Palo-Alto/4250-El-Camino-Real-94306/unit-307/home/635131","N","888000","10","0.5","Juana Briones Elementary School","17.5","21","1","Condo/Co-op","PALO ALTO","94306","1","1.0","943","1983","638","N","August-26-2017 01:00 PM","August-26-2017 04:00 PM"
"http://www.redfin.com/CA/San-Jose/182-Moore-Dr-95116/home/1237374","N","598000","4","0.6","San Antonio Elementary School","16.0","14","1","Single Family Residential","SAN JOSE","95116","3","2.5","1275","1984","330","N","",""
"http://www.redfin.com/CA/San-Jose/125-Biddleford-Ct-95139/home/1008022","N","725000","7","0.2","Los Paseos Elementary School","30.0","24","1","Single Family Residential","SAN JOSE","95139","3","1.5","1120","1972","","N","August-26-2017 01:00 PM","August-26-2017 04:00 PM"
"http://www.redfin.com/CA/Milpitas/1655-Crater-Lake-Ave-95035/home/1134968","N","899888","10","0.4","John Sinnott Elementary School","13.7","23","1","Single Family Residential","MILPITAS","95035","3","2.0","1168","1964","","Y","September-2-2017 01:00 PM","September-2-2017 04:00 PM"
"http://www.redfin.com/CA/San-Jose/1390-Saddle-Rack-St-95126/unit-226/home/1111670","N","699000","2","1.0","Gardner Elementary School","15.5","14","1","Condo/Co-op","SAN JOSE","95126","2","2.0","1258","2004","449","N","August-26-2017 01:00 PM","August-26-2017 04:00 PM"
"http://www.redfin.com/CA/San-Jose/4113-San-Miguel-Way-95111/home/999047","N","648000","5","0.4","Los Arboles Elementary School","23.8","20","1","Single Family Residential","SAN JOSE","95111","3","2.0","1123","1959","","N","August-26-2017 01:00 PM","August-26-2017 04:00 PM"
"http://www.redfin.com/CA/San-Jose/217-Benbow-Ave-95123/home/1695796","N","875000","5","0.1","Anderson (alex) Elementary School","27.1","21","1","Single Family Residential","SAN JOSE","95123","4","2.5","2186","1966","","N","August-26-2017 01:00 PM","August-26-2017 04:00 PM"
"http://www.redfin.com/CA/San-Jose/1570-Hallbrook-Dr-95118/home/1501813","N","899000","9","0.3","Reed Elementary School","22.2","22","1","Single Family Residential","SAN JOSE","95118","3","2.0","1293","1961","","N","August-26-2017 01:00 PM","August-26-2017 04:00 PM"
"http://www.redfin.com/CA/San-Jose/3140-Dow-Dr-95136/home/1755018","N","699950","5","0.5","Canoas Elementary School","18.8","16","1","Single Family Residential","SAN JOSE","95136","3","2.0","1441","1971","","N","August-26-2017 01:30 PM","August-26-2017 04:30 PM"
"http://www.redfin.com/CA/Mountain-View/1031-Crestview-Dr-94040/unit-218/home/1281246","N","648000","10","0.9","Frank L. Huff Elementary School","12.9","15","1","Condo/Co-op","MOUNTAIN VIEW","94040","1","1.0","855","1969","425","Y","August-26-2017 01:00 PM","August-26-2017 04:00 PM"
"http://www.redfin.com/CA/Santa-Clara/1400-Bowe-Ave-95051/unit-612/home/735849","N","699000","6","0.6","Juan Cabrillo Middle School","3.2","7","1","Condo/Co-op","SANTA CLARA","95051","2","2.0","1062","1984","554","N","August-26-2017 01:30 PM","August-26-2017 04:30 PM"
"http://www.redfin.com/CA/Gilroy/1045-Sprig-Way-95020/home/41397046","N","755000","8","0.5","Luigi Aprea Elementary School","59.1","39","1","Single Family Residential","GILROY","95020","3","2.0","1776","2012","","N","August-26-2017 01:00 PM","August-26-2017 05:00 PM"
"http://www.redfin.com/CA/San-Jose/2128-Rio-Barranca-Ct-95116/home/957804","N","485000","4","0.8","San Antonio Elementary School","13.3","15","1","Townhouse","SAN JOSE","95116","3","1.5","1180","1971","235","N","August-26-2017 01:00 PM","August-26-2017 04:00 PM"
"http://www.redfin.com/CA/Morgan-Hill/16973-Cory-Dr-95037/home/17291635","N","849000","5","0.5","Barrett Elementary School","45.8","31","1","Single Family Residential","MORGAN HILL","95037","4","2.5","2305","2007","100","N","August-26-2017 02:00 PM","August-26-2017 04:00 PM"
"http://www.redfin.com/CA/Gilroy/6111-Starling-Dr-95020/home/1333348","N","675000","7","0.3","Las Animas Elementary School","65.2","42","2","Single Family Residential","GILROY","95020","4","2.5","1845","1996","","N","August-26-2017 01:00 PM","August-26-2017 04:00 PM"
"http://www.redfin.com/CA/San-Jose/4143-Briarglen-Dr-95118/home/857995","N","899000","9","0.9","Reed Elementary School","19.9","19","2","Single Family Residential","SAN JOSE","95118","4","2.0","1553","1975","","N","August-26-2017 01:00 PM","August-26-2017 04:00 PM"
"http://www.redfin.com/CA/Santa-Clara/958-Kiely-Blvd-95051/unit-D/home/1450038","N","539000","6","1.2","Juan Cabrillo Middle School","4.4","9","2","Condo/Co-op","SANTA CLARA","95051","2","2.0","956","1971","480","N","August-27-2017 01:00 PM","August-27-2017 04:00 PM"
"http://www.redfin.com/CA/San-Jose/471-Northlake-Dr-95117/unit-16/home/750569","N","688000","5","0.8","Lynhaven Elementary School","6.4","12","2","Condo/Co-op","SAN JOSE","95117","2","2.0","1191","1985","395","N","August-26-2017 02:00 PM","August-26-2017 05:00 PM"
"http://www.redfin.com/CA/San-Jose/2988-Grassina-St-95136/unit-109/home/2124349","N","635000","8","2.1","Shirakawa (george, Senior.) Elementary School","19.5","17","2","Condo/Co-op","SAN JOSE","95136","2","2.0","1048","2006","383","N","August-26-2017 01:00 PM","August-26-2017 04:00 PM"
"http://www.redfin.com/CA/San-Jose/88-Bush-St-95126/unit-1152/home/17288649","N","650000","5","1.1","Merritt Trace Elementary School","11.8","14","2","Condo/Co-op","SAN JOSE","95126","1","1.0","859","2008","410","N","August-26-2017 01:00 PM","August-26-2017 04:00 PM"
"http://www.redfin.com/CA/San-Jose/6328-Mountford-Dr-95123/home/990015","N","869000","8","0.2","Taylor (bertha) Elementary School","27.8","24","2","Single Family Residential","SAN JOSE","95123","3","2.0","1502","1969","","N","August-26-2017 01:00 PM","August-26-2017 04:00 PM"
"http://www.redfin.com/CA/Gilroy/7731-Princevalle-St-95020/home/1023205","N","899500","5","0.3","El Roble Elementary School","61.0","41","2","Single Family Residential","GILROY","95020","4","3.0","2816","1948","","N","",""
"http://www.redfin.com/CA/Palo-Alto/4250-El-Camino-Real-94306/unit-A104/home/143409679","N","839000","10","0.5","Juana Briones Elementary School","17.5","21","2","Condo/Co-op","PALO ALTO","94306","1","1.0","885","1983","626","N","August-26-2017 01:00 PM","August-26-2017 04:00 PM"
"http://www.redfin.com/CA/San-Jose/2599-Yerba-Bank-Ct-95121/home/630857","N","589000","7","0.3","Laurelwood Elementary School","23.6","21","2","Condo/Co-op","SAN JOSE","95121","2","2.0","843","1988","275","N","August-26-2017 01:00 PM","August-26-2017 04:00 PM"
"http://www.redfin.com/CA/San-Jose/1276-Prevost-St-95125/home/1014933","N","899000","8","0.8","Willow Glen Elementary School","14.6","13","2","Single Family Residential","SAN JOSE","95125","2","1.0","1222","1949","","N","August-26-2017 01:00 PM","August-26-2017 04:00 PM"
"http://www.redfin.com/CA/San-Jose/1317-Lyonsville-Ln-95118/home/1317589","N","615000","10","1.2","Los Alamitos Elementary School","23.6","21","2","Townhouse","SAN JOSE","95118","2","2.0","974","1973","387","N","August-26-2017 01:00 PM","August-26-2017 04:00 PM"
"http://www.redfin.com/CA/Santa-Clara/2429-Loma-Vista-Ln-95051/home/942445","N","849000","8","0.3","Bracher Elementary School","1.6","5","2","Townhouse","SANTA CLARA","95051","4","2.5","1506","1971","265","N","August-26-2017 01:00 PM","August-26-2017 04:00 PM"
"http://www.redfin.com/CA/San-Jose/252-Sunnyslope-Ave-95127/home/1066705","N","545000","4","0.2","Horace Cureton Elementary School","19.0","20","2","Single Family Residential","SAN JOSE","95127","3","1.0","1392","1959","","N","August-26-2017 01:30 PM","August-26-2017 04:00 PM"
"http://www.redfin.com/CA/San-Jose/896-Foxworthy-Ave-95125/home/1235346","N","800000","5","0.5","Canoas Elementary School","19.7","18","2","Single Family Residential","SAN JOSE","95125","3","2.5","1589","2003","92","N","August-25-2017 04:00 PM","August-25-2017 07:00 PM"
"http://www.redfin.com/CA/San-Jose/126-N-12th-St-95112/home/1157621","N","499000","3","0.4","Horace Mann Elementary School","11.6","15","2","Single Family Residential","SAN JOSE","95112","1","1.0","484","1953","","N","August-26-2017 01:00 PM","August-26-2017 04:00 PM"
"http://www.redfin.com/CA/Santa-Clara/4918-Plaza-Escuela-95054/home/854271","N","798000","8","0.1","Kathryn Hughes Elementary School","5.4","10","2","Townhouse","SANTA CLARA","95054","3","1.5","1240","1978","350","N","August-26-2017 01:00 PM","August-26-2017 04:00 PM"
"http://www.redfin.com/CA/Gilroy/1151-Lerma-Ln-95020/home/1352655","N","634900","8","0.3","Luigi Aprea Elementary School","59.7","40","2","Single Family Residential","GILROY","95020","3","2.5","1322","1987","79","N","August-26-2017 01:00 PM","August-26-2017 04:00 PM"
"http://www.redfin.com/CA/Gilroy/742-Vinca-Ct-95020/home/1059927","N","649000","7","0.4","Las Animas Elementary School","64.9","41","2","Single Family Residential","GILROY","95020","4","2.0","1552","1997","","N","August-26-2017 12:00 PM","August-26-2017 03:00 PM"
"http://www.redfin.com/CA/San-Jose/954-Coyote-Rd-95111/home/974129","N","749500","9","2.0","Santa Teresa Elementary School","25.2","18","2","Single Family Residential","SAN JOSE","95111","4","2.0","1457","1973","","N","August-25-2017 03:00 PM","August-25-2017 06:00 PM"
"http://www.redfin.com/CA/San-Jose/1940-Majestic-Ct-95132/home/1455123","N","899000","9","0.3","Majestic Way Elementary School","24.6","22","2","Single Family Residential","SAN JOSE","95132","4","2.0","1598","1971","","Y","August-26-2017 01:00 PM","August-26-2017 04:00 PM"
"http://www.redfin.com/CA/Santa-Clara/1735-Franck-Ave-95051/home/674579","N","899888","5","0.4","Bowers Elementary School","2.7","6","2","Single Family Residential","SANTA CLARA","95051","3","1.0","1032","1953","","N","August-27-2017 02:00 PM","August-27-2017 05:00 PM"
"http://www.redfin.com/CA/San-Jose/3366-Methilhaven-Ln-95121/home/789677","N","529000","5","0.1","John J. Montgomery Elementary School","20.3","18","2","Condo/Co-op","SAN JOSE","95121","3","1.0","991","1976","348","N","August-26-2017 01:00 PM","August-26-2017 04:30 PM"
"http://www.redfin.com/CA/Gilroy/7760-Driftwood-Ter-95020/home/752622","N","629000","5","0.5","El Roble Elementary School","61.6","43","2","Single Family Residential","GILROY","95020","3","2.0","1503","1963","","N","August-26-2017 01:00 PM","August-26-2017 03:00 PM"
"http://www.redfin.com/CA/Morgan-Hill/103-Sapphire-Ln-95037/home/112869166","N","685000","","","","43.4","30","2","Townhouse","MORGAN HILL","95037","3","3.0","1821","2015","300","N","",""
"http://www.redfin.com/CA/San-Jose/1520-Marburg-Way-95133/home/12181902","N","720000","4","0.1","Anne Darling Elementary School","12.2","12","2","Townhouse","SAN JOSE","95133","3","2.5","1663","2006","275","N","August-26-2017 01:00 PM","August-26-2017 04:00 PM"
"http://www.redfin.com/CA/San-Jose/4647-Pinto-River-Ct-95136/home/1202907","N","650000","6","0.6","Terrell Elementary School","20.3","19","2","Townhouse","SAN JOSE","95136","4","2.5","1760","1977","375","N","August-26-2017 01:00 PM","August-26-2017 04:00 PM"
"http://www.redfin.com/CA/San-Jose/1550-Technology-Dr-95110/unit-4003/home/2125241","N","499000","7","1.9","Orchard Elementary School","7.2","9","2","Condo/Co-op","SAN JOSE","95110","1","1.0","887","2005","428","N","August-26-2017 01:30 PM","August-26-2017 04:30 PM"
"http://www.redfin.com/CA/Mountain-View/1921-Rock-St-94043/unit-3/home/620483","N","819000","7","0.6","Monta Loma Elementary School","13.6","12","3","Condo/Co-op","MOUNTAIN VIEW","94043","2","1.5","972","1974","487","N","August-26-2017 12:00 PM","August-26-2017 04:30 PM"
"http://www.redfin.com/CA/Santa-Clara/2889-Agate-Dr-95051/home/1440407","N","885000","8","0.3","Bracher Elementary School","3.0","7","3","Single Family Residential","Santa Clara","95051","3","1.5","897","1954","","N","",""
"http://www.redfin.com/CA/San-Jose/2930-Tobin-Dr-95132/home/1123453","N","880000","10","0.7","Northwood Elementary School","11.9","21","3","Single Family Residential","SAN JOSE","95132","3","1.5","1042","1971","","N","August-26-2017 01:30 PM","August-26-2017 04:30 PM"
"http://www.redfin.com/CA/San-Jose/1282-Tea-Rose-Cir-95131/home/1322877","N","798000","7","0.5","Orchard Elementary School","9.6","15","3","Townhouse","SAN JOSE","95131","2","2.5","1543","1993","243","N","August-26-2017 12:00 PM","August-26-2017 05:00 PM"
"http://www.redfin.com/CA/San-Jose/4716-Capay-Dr-95118/unit-3/home/555802","N","468000","4","0.6","Almaden Elementary School","20.7","21","3","Condo/Co-op","SAN JOSE","95118","2","1.0","903","1970","319","N","August-26-2017 01:00 PM","August-26-2017 04:00 PM"
"http://www.redfin.com/CA/Gilroy/Undisclosed-address-95020/home/1024738","N","663999","5","0.3","El Roble Elementary School","61.7","43","3","Single Family Residential","GILROY","95020","3","2.0","1540","1978","","N","August-25-2017 11:00 AM","August-25-2017 04:00 PM"
"http://www.redfin.com/CA/San-Jose/2581-Alveswood-Cir-95131/home/1641734","N","558000","10","0.4","Northwood Elementary School","10.5","17","3","Condo/Co-op","SAN JOSE","95131","2","2.0","1178","1989","588","N","August-26-2017 01:00 PM","August-26-2017 04:00 PM"
"http://www.redfin.com/CA/San-Jose/5964-Indian-Ave-95123/home/1241066","N","898000","8","0.7","Sakamoto Elementary School","24.4","20","3","Single Family Residential","SAN JOSE","95123","5","3.0","2074","1968","","N","August-26-2017 01:00 PM","August-26-2017 04:00 PM"
"http://www.redfin.com/CA/San-Jose/1128-Kayellen-Ct-95125/home/1067230","N","759000","8","0.8","Willow Glen Elementary School","14.4","13","3","Condo/Co-op","SAN JOSE","95125","2","2.5","1338","1985","500","N","August-26-2017 01:00 PM","August-26-2017 04:00 PM"
"http://www.redfin.com/CA/Saratoga/20790-4th-St-95070/unit-7/home/909789","N","879000","10","0.2","Saratoga Elementary School","29.0","25","3","Condo/Co-op","SARATOGA","95070","2","2.0","1158","1970","519","Y","August-26-2017 01:30 PM","August-26-2017 04:30 PM"
"http://www.redfin.com/CA/Mountain-View/2255-Showers-Dr-94040/unit-141/home/2121469","N","869000","10","2.5","Covington Elementary School","16.6","18","3","Condo/Co-op","MOUNTAIN VIEW","94040","2","2.0","980","1999","347","N","August-26-2017 01:30 PM","August-26-2017 04:30 PM"
"http://www.redfin.com/CA/San-Jose/1833-Bermuda-Way-95122/unit-1833/home/143400246","N","620000","3","0.4","Donald J. Meyer Elementary School","16.0","17","3","Single Family Residential","SAN JOSE","95122","3","2.0","1283","1965","","N","",""
"http://www.redfin.com/CA/San-Jose/7003-Rodling-Dr-95138/unit-F/home/1331921","N","615000","7","0.5","Los Paseos Elementary School","28.3","20","3","Condo/Co-op","SAN JOSE","95138","3","3.0","1335","1992","305","N","August-26-2017 01:30 PM","August-26-2017 04:30 PM"
"http://www.redfin.com/CA/Santa-Clara/2250-Monroe-St-95050/unit-206/home/1053858","N","480000","3","0.4","Scott Lane Elementary School","1.4","4","3","Condo/Co-op","SANTA CLARA","95050","1","1.0","716","1987","370","N","August-27-2017 01:30 PM","August-27-2017 04:00 PM"
"http://www.redfin.com/CA/Sunnyvale/1037-Scotia-Ter-94089/unit-201/home/17909088","N","779000","4","0.5","Lakewood Elementary School","7.0","8","3","Condo/Co-op","SUNNYVALE","94089","2","2.0","1120","2008","420","N","August-26-2017 01:00 PM","August-26-2017 04:00 PM"
"http://www.redfin.com/CA/San-Jose/945-Cinnabar-St-95126/home/1198425","N","639000","5","0.9","Merritt Trace Elementary School","7.8","15","3","Single Family Residential","SAN JOSE","95126","2","1.0","1160","1905","","N","August-26-2017 01:00 PM","August-26-2017 04:00 PM"
"http://www.redfin.com/CA/San-Jose/1413-Millich-Ct-95117/home/1614739","N","739000","9","0.5","George C. Payne Elementary School","8.9","13","3","Townhouse","SAN JOSE","95117","2","2.0","1056","1972","250","N","August-25-2017 05:00 PM","August-25-2017 07:00 PM"
"http://www.redfin.com/CA/Los-Gatos/71-Roberts-Rd-95032/unit-5/home/1712478","N","828000","10","7.6","Loma Prieta Elementary School","26.4","23","3","Condo/Co-op","LOS GATOS","95032","2","2.0","1154","1985","460","Y","August-26-2017 01:00 PM","August-26-2017 04:30 PM"
"http://www.redfin.com/CA/Morgan-Hill/Monterey-Parque/Plan-3/home/142961127","N","701570","5","0.6","El Toro Elementary School","44.2","30","","Single Family Residential","Monterey Parque","95037","4","3.5","2086","","","N","",""
"http://www.redfin.com/CA/San-Jose/1309-Dahlia-Loop-95126/home/17291921","N","898000","5","1.3","Merritt Trace Elementary School","5.0","10","3","Single Family Residential","SAN JOSE","95126","3","2.5","1367","2006","185","N","",""
"http://www.redfin.com/CA/San-Jose/1263-Westbury-Dr-95131/home/28894966","N","799999","7","0.4","Orchard Elementary School","9.9","15","3","Condo/Co-op","SAN JOSE","95131","3","2.5","1376","2009","150","N","August-26-2017 11:00 AM","August-26-2017 04:00 PM"
"http://www.redfin.com/CA/San-Jose/5830-Laguna-Seca-Way-95123/home/865819","N","860000","6","0.3","Frost (earl) Elementary School","24.1","20","3","Single Family Residential","SAN JOSE","95123","4","2.0","1516","1963","","N","",""
"http://www.redfin.com/CA/San-Jose/1175-Foxchase-Dr-95123/home/1478020","N","498000","6","1.2","Terrell Elementary School","22.2","18","4","Condo/Co-op","SAN JOSE","95123","1","1.0","1021","1984","458","N","August-26-2017 01:30 PM","August-26-2017 04:30 PM"
"http://www.redfin.com/CA/Los-Gatos/102-Cherry-Wood-Ct-95032/home/1494567","N","860000","10","1.3","Marshall Lane Elementary School","14.4","21","4","Condo/Co-op","LOS GATOS","95032","2","2.0","1461","1972","358","N","",""
"http://www.redfin.com/CA/San-Jose/259-Vineyard-Dr-95119/home/1008432","N","789000","5","0.3","Baldwin (julia) Elementary School","29.6","23","4","Single Family Residential","SAN JOSE","95119","4","2.0","1308","1970","","N","August-26-2017 01:00 PM","August-26-2017 04:00 PM"
"http://www.redfin.com/CA/San-Jose/593-Orvis-Ave-95112/home/1038297","N","789000","3","0.4","Lowell Elementary School","14.2","14","4","Single Family Residential","SAN JOSE","95112","2","2.0","960","1912","","N","August-26-2017 01:30 PM","August-26-2017 04:00 PM"
"http://www.redfin.com/CA/Gilroy/570-El-Invierno-Dr-95020/home/1334025","N","699999","5","0.4","Antonio Del Buono Elementary School","58.9","39","4","Single Family Residential","GILROY","95020","4","2.0","2032","1998","","N","August-26-2017 01:00 PM","August-26-2017 04:00 PM"
"http://www.redfin.com/CA/San-Jose/5506-Sean-Cir-95123/unit-112/home/143393634","N","460000","5","0.5","Del Roble Elementary School","23.6","20","4","Condo/Co-op","SAN JOSE","95123","2","1.0","997","1979","393","N","August-26-2017 01:00 PM","August-26-2017 04:00 PM"
"http://www.redfin.com/CA/San-Jose/2707-Valley-Heights-Dr-95133/home/602576","N","879888","4","1.1","Toyon Elementary School","14.0","19","4","Single Family Residential","SAN JOSE","95133","4","2.0","1590","1969","","N","August-26-2017 12:00 PM","August-26-2017 03:00 PM"
"http://www.redfin.com/CA/San-Jose/3242-Kimber-Ct-95124/unit-43/home/973733","N","489000","8","0.7","Sartorette Charter School","15.1","23","4","Condo/Co-op","SAN JOSE","95124","2","1.0","886","1977","315","N","",""
"http://www.redfin.com/CA/Sunnyvale/865-Carlisle-Way-94087/unit-122/home/17289117","N","895000","10","0.8","Louis E. Stocklmeir Elementary School","7.2","15","4","Townhouse","SUNNYVALE","94087","2","2.5","1120","2007","325","N","August-26-2017 01:30 PM","August-26-2017 05:00 PM"
"http://www.redfin.com/CA/Morgan-Hill/15710-La-Mar-Ct-95037/home/1409674","N","899000","9","0.2","Paradise Valley/machado Elementary School","48.7","34","4","Single Family Residential","MORGAN HILL","95037","5","3.0","2670","1977","","N","",""
"http://www.redfin.com/CA/Santa-Clara/835-Bing-Dr-95051/unit-29/home/736417","N","499000","6","0.7","Pomeroy Elementary School","5.8","11","4","Condo/Co-op","Santa Clara","95051","1","1.0","735","1973","430","N","August-26-2017 01:00 PM","August-26-2017 05:00 PM"
"http://www.redfin.com/CA/San-Jose/2951-Vineyard-Park-Dr-95148/home/679478","N","859999","9","0.5","Norwood Creek Elementary School","22.2","21","4","Single Family Residential","SAN JOSE","95148","4","2.5","1955","1998","94","N","",""
"http://www.redfin.com/CA/San-Jose/7289-Forsum-Rd-95138/home/844224","N","899000","7","0.6","Los Paseos Elementary School","28.8","21","4","Single Family Residential","SAN JOSE","95138","4","3.0","1827","1992","","N","August-26-2017 01:00 PM","August-26-2017 04:00 PM"
"http://www.redfin.com/CA/Los-Gatos/443-Alberto-Way-95032/unit-B215/home/586935","Y","599995","10","7.3","Loma Prieta Elementary School","26.4","20","4","Condo/Co-op","LOS GATOS","95032","2","2.0","1076","1978","475","N","August-26-2017 01:00 PM","August-26-2017 04:00 PM"
"http://www.redfin.com/CA/San-Jose/Corte-Verde-Dr-95111/home/1188723","N","799000","8","2.5","Glider Elementary School","24.5","21","5","Single Family Residential","SAN JOSE","95111","3","2.0","1531","1978","","N","August-26-2017 01:00 PM","August-26-2017 04:00 PM"
"http://www.redfin.com/CA/Gilroy/983-Arapaho-Dr-95020/home/1210179","N","548888","8","0.4","Luigi Aprea Elementary School","59.2","40","5","Single Family Residential","GILROY","95020","2","2.0","920","1997","","N","August-26-2017 01:00 PM","August-26-2017 04:00 PM"
"http://www.redfin.com/CA/San-Jose/260-S-18th-St-95116/home/1617601","N","785000","2","0.3","Selma Olinder Elementary School","13.9","15","5","Single Family Residential","SAN JOSE","95116","5","2.0","1733","1910","","N","",""
"http://www.redfin.com/CA/San-Jose/1316-Norvella-St-95122/home/1677616","N","649950","4","0.3","A. J. Dorsa Elementary School","15.8","17","5","Single Family Residential","SAN JOSE","95122","3","2.0","1141","1959","","N","",""
"http://www.redfin.com/CA/San-Jose/891-Beaver-Creek-Way-95133/home/1474165","N","629000","7","1.0","Summerdale Elementary School","12.9","16","6","Townhouse","SAN JOSE","95133","3","1.5","1342","1972","300","N","",""
"http://www.redfin.com/CA/Morgan-Hill/Monterey-Parque/Plan-2/home/142961128","N","661272","5","0.6","El Toro Elementary School","44.2","30","","Single Family Residential","Monterey Parque","95037","3","2.5","1817","","","N","",""
"http://www.redfin.com/CA/San-Jose/1860-Tradan-Dr-95132/home/1138987","N","499000","10","0.6","Northwood Elementary School","22.6","18","6","Condo/Co-op","SAN JOSE","95132","2","2.0","988","1987","350","N","",""
"http://www.redfin.com/CA/Gilroy/1472-Mantelli-Dr-95020/home/699604","N","623000","8","0.3","Luigi Aprea Elementary School","60.1","40","7","Single Family Residential","GILROY","95020","3","2.0","1102","1973","","N","",""
"http://www.redfin.com/CA/Milpitas/1101-S-Main-St-95035/unit-410/home/17291448","N","599888","8","0.5","Pearl Zanker Elementary School","9.8","15","7","Condo/Co-op","MILPITAS","95035","2","2.0","977","2007","470","N","August-26-2017 01:00 PM","August-26-2017 04:00 PM"
"http://www.redfin.com/CA/San-Jose/170-N-White-Rd-95127/home/946412","N","649900","5","0.7","Linda Vista Elementary School","19.2","18","7","Single Family Residential","San Jose","95127","3","2.0","1420","1947","","N","",""
"http://www.redfin.com/CA/Gilroy/1445-Blackwing-Way-95020/home/778177","N","745900","8","0.4","Luigi Aprea Elementary School","60.1","41","7","Single Family Residential","GILROY","95020","3","2.0","2169","1989","","N","August-26-2017 01:00 PM","August-26-2017 04:00 PM"
"http://www.redfin.com/CA/San-Jose/313-Vista-Roma-Way-95136/home/1525770","N","730000","8","2.7","Shirakawa (george, Senior.) Elementary School","19.6","18","7","Townhouse","SAN JOSE","95136","3","2.5","1674","2004","319","N","August-26-2017 01:00 PM","August-26-2017 04:00 PM"
"http://www.redfin.com/CA/San-Jose/2593-Yerba-Bank-Ct-95121/home/1745480","N","630000","7","0.2","Laurelwood Elementary School","23.6","21","7","Condo/Co-op","SAN JOSE","95121","2","2.0","1065","1988","275","N","",""
"http://www.redfin.com/CA/Morgan-Hill/3395-Oakwood-Ct-95037/home/866778","N","875000","8","0.9","Jackson Academy of Music And Math (jamm)","50.2","36","7","Single Family Residential","MORGAN HILL","95037","4","3.0","2332","1977","33","N","",""
"http://www.redfin.com/CA/MORGAN-HILL/126-NOGAL-LN-95037/home/143044009","N","669990","","","","45.2","32","7","Condo/Co-op","MORGAN HILL","95037","3","2.0","1521","2017","191","N","",""
"http://www.redfin.com/CA/San-Jose/2843-Lavender-Ter-95111/home/23043689","N","625000","7","0.9","Franklin Elementary School","19.5","21","7","Townhouse","SAN JOSE","95111","2","2.5","1405","2008","233","N","August-26-2017 01:30 PM","August-26-2017 04:30 PM"
"http://www.redfin.com/CA/San-Jose/15190-Rosemar-Ave-95127/home/948732","N","849000","6","1.6","Mt. Pleasant High School","20.4","21","7","Single Family Residential","SAN JOSE","95127","3","2.0","1800","1957","","N","August-25-2017 05:00 PM","August-25-2017 07:00 PM"
"http://www.redfin.com/CA/San-Jose/1418-Cliffwood-Dr-95122/home/1059153","N","579000","4","0.2","A. J. Dorsa Elementary School","15.4","16","7","Single Family Residential","SAN JOSE","95122","3","1.0","960","1959","","N","",""
"http://www.redfin.com/CA/San-Jose/1205-Hillsdale-Ave-95118/home/1473363","N","798888","8","0.5","Schallenberger Elementary School","18.4","18","7","Single Family Residential","SAN JOSE","95118","3","2.0","1176","1956","","N","August-26-2017 01:00 PM","August-26-2017 04:00 PM"
"http://www.redfin.com/CA/San-Jose/710-Cassaday-Ct-95136/home/1385305","N","480000","8","0.4","Rachel Carson Elementary School","19.7","18","7","Condo/Co-op","SAN JOSE","95136","2","2.0","912","1988","515","N","August-26-2017 01:00 PM","August-26-2017 04:00 PM"
"http://www.redfin.com/CA/San-Jose/38-N-Almaden-Blvd-95110/unit-902/home/17288120","N","549000","3","0.7","Horace Mann Elementary School","10.7","11","7","Condo/Co-op","SAN JOSE","95110","1","1.0","655","2008","484","N","",""
"http://www.redfin.com/CA/San-Jose/2740-Gay-Ave-95127/home/1418616","N","699888","6","0.2","Anthony P. Russo Academy","18.3","16","7","Single Family Residential","SAN JOSE","95127","2","1.0","918","1954","","N","August-26-2017 01:00 PM","August-26-2017 04:00 PM"
"http://www.redfin.com/CA/San-Jose/3900-Maui-Dr-95111/home/1186765","N","775000","8","0.1","G. W. Hellyer Elementary School","21.5","18","7","Single Family Residential","SAN JOSE","95111","3","2.5","1623","1988","","N","August-26-2017 12:00 PM","August-26-2017 03:00 PM"
"http://www.redfin.com/CA/San-Jose/1061-Palm-St-95110/home/1624018","N","680000","4","0.4","Washington Elementary School","14.5","13","7","Single Family Residential","SAN JOSE","95110","2","1.0","840","1910","","N","August-26-2017 01:00 PM","August-26-2017 04:00 PM"
"http://www.redfin.com/CA/San-Jose/2637-Villa-Cortona-Way-95125/home/12178138","N","759000","5","0.3","Canoas Elementary School","16.6","16","7","Condo/Co-op","SAN JOSE","95125","3","2.5","1622","2005","321","N","August-26-2017 01:00 PM","August-26-2017 04:00 PM"
"http://www.redfin.com/CA/San-Jose/36-Marian-Ln-95127/home/1447916","N","650000","5","0.5","Linda Vista Elementary School","18.4","18","7","Single Family Residential","SAN JOSE","95127","3","1.0","1357","1947","","N","",""
"http://www.redfin.com/CA/Morgan-Hill/Monterey-Parque/Plan-4/home/143079303","N","897692","3","0.7","P. A. Walsh Elementary School","44.3","30","","Single Family Residential","Monterey Parque","95037","4","3.5","2440","","","N","",""
"http://www.redfin.com/CA/San-Jose/24-Maro-Dr-95127/home/1719089","N","775000","5","0.4","Linda Vista Elementary School","18.5","19","7","Single Family Residential","SAN JOSE","95127","3","2.0","2627","1920","","N","August-26-2017 01:00 PM","August-26-2017 04:00 PM"
"http://www.redfin.com/CA/San-Jose/1811-Everglade-Ave-95122/home/1266655","N","529950","4","0.1","A. J. Dorsa Elementary School","15.2","15","8","Single Family Residential","SAN JOSE","95122","3","1.0","960","1959","","N","",""
"http://www.redfin.com/CA/San-Jose/2453-Jubilee-Ln-95131/home/1080191","N","569999","10","0.5","Northwood Elementary School","10.5","18","8","Condo/Co-op","SAN JOSE","95131","2","2.0","966","1990","280","N","",""
"http://www.redfin.com/CA/San-Jose/1375-Lick-Ave-95110/unit-923/home/17288363","N","499000","9","0.6","Hammer Montessori At Galarza Elementary School","14.2","14","8","Condo/Co-op","SAN JOSE","95110","1","1.0","820","2009","450","N","",""
"http://www.redfin.com/CA/San-Jose/5696-Venado-Ct-95123/home/1490272","N","858000","5","0.2","Anderson (alex) Elementary School","26.6","21","8","Single Family Residential","SAN JOSE","95123","4","2.5","2186","1966","","N","September-2-2017 01:00 PM","September-2-2017 04:00 PM"
"http://www.redfin.com/CA/Milpitas/305-Hazen-St-95035/home/1620759","N","775000","8","0.2","Joseph Weller Elementary School","19.8","19","8","Single Family Residential","MILPITAS","95035","3","1.5","1064","1955","","N","",""
"http://www.redfin.com/CA/Campbell/711-Duncanville-Ct-95008/home/1452392","N","899000","8","1.0","Bagby Elementary School","12.3","20","8","Townhouse","CAMPBELL","95008","2","2.5","1727","1978","412","N","August-26-2017 01:00 PM","August-26-2017 04:00 PM"
"http://www.redfin.com/CA/San-Jose/739-Modern-Ice-Dr-95112/home/40175635","N","678888","4","1.3","Walter L. Bachrodt Elementary School","9.4","11","8","Condo/Co-op","SAN JOSE","95112","2","2.5","1288","2009","210","N","",""
"http://www.redfin.com/CA/San-Jose/2303-McLaughlin-Ave-95122/home/1569591","N","499500","7","0.5","Stonegate Elementary School","17.6","16","8","Condo/Co-op","San Jose","95122","2","2.0","912","1984","300","N","",""
"http://www.redfin.com/CA/San-Jose/1569-4-Oaks-Rd-95131/home/1010905","N","858000","7","0.4","Brooktree Elementary School","21.3","16","8","Single Family Residential","SAN JOSE","95131","3","2.5","1272","1989","","N","August-26-2017 01:00 PM","August-26-2017 04:00 PM"
"http://www.redfin.com/CA/San-Jose/1351-Cliffwood-Dr-95122/home/891472","N","550000","4","0.2","A. J. Dorsa Elementary School","15.3","16","8","Single Family Residential","SAN JOSE","95122","3","1.0","960","1959","","N","",""
"http://www.redfin.com/CA/San-Jose/2050-Sierra-Wood-Dr-95132/home/906111","N","849000","10","0.1","Northwood Elementary School","11.5","20","8","Single Family Residential","SAN JOSE","95132","3","1.5","1400","1964","","N","August-26-2017 01:00 PM","August-26-2017 04:00 PM"
"http://www.redfin.com/CA/San-Jose/3-Esfahan-Dr-95111/unit-1/home/108497756","N","825000","8","1.5","Shirakawa (george, Senior.) Elementary School","19.4","21","8","Single Family Residential","San Jose","95111","3","3.5","1953","2016","","N","",""
"http://www.redfin.com/CA/San-Jose/7197-Via-Carmela-95139/home/1157367","N","799000","7","0.3","Los Paseos Elementary School","29.5","23","8","Single Family Residential","SAN JOSE","95139","3","2.0","1271","1977","","N","August-26-2017 01:00 PM","August-26-2017 04:00 PM"
"http://www.redfin.com/CA/Santa-Clara/1089-Alta-Mira-Dr-95051/unit-B/home/1395180","N","649000","6","0.4","Pomeroy Elementary School","5.6","11","8","Condo/Co-op","SANTA CLARA","95051","2","2.0","1012","1971","420","N","August-26-2017 01:30 PM","August-26-2017 04:30 PM"
"http://www.redfin.com/CA/Mountain-View/280-Easy-St-94043/unit-406/home/1561759","N","749000","8","0.7","Edith Landels Elementary School","12.8","13","8","Condo/Co-op","MOUNTAIN VIEW","94043","2","1.0","894","1964","362","N","August-26-2017 01:30 PM","August-26-2017 04:30 PM"
"http://www.redfin.com/CA/Gilroy/1031-Viognier-Way-95020/home/143319864","N","792400","7","0.2","Las Animas Elementary School","65.4","42","8","Single Family Residential","GILROY","95020","3","2.5","2510","2017","175","N","",""
"http://www.redfin.com/CA/Gilroy/1371-Cedar-Ct-95020/home/1054974","N","698000","5","0.6","El Roble Elementary School","61.7","43","8","Single Family Residential","GILROY","95020","4","3.0","1995","1971","","N","",""
"http://www.redfin.com/CA/San-Jose/464-Crosslees-Dr-95111/home/1480989","N","799999","9","2.1","Santa Teresa Elementary School","25.6","19","8","Single Family Residential","SAN JOSE","95111","3","2.0","1358","1973","","N","August-26-2017 01:30 PM","August-26-2017 04:30 PM"
"http://www.redfin.com/CA/Milpitas/1629-Teresa-Marie-Ter-95035/home/1429668","N","699000","9","0.8","Marshall Pomeroy Elementary School","19.4","19","9","Townhouse","MILPITAS","95035","2","2.5","1165","1992","170","N","August-26-2017 01:00 PM","August-26-2017 04:00 PM"
"http://www.redfin.com/CA/San-Jose/Modern-Ice-Dr-95112/home/17290397","N","684900","4","1.2","Walter L. Bachrodt Elementary School","9.4","11","9","Townhouse","SAN JOSE","95112","3","2.0","1150","2007","210","N","",""
"http://www.redfin.com/CA/Morgan-Hill/16933-Sorrel-Way-95037/home/1027993","N","475500","8","0.3","Jackson Academy of Music And Math (jamm)","46.6","32","9","Condo/Co-op","MORGAN HILL","95037","2","2.0","1104","1987","365","N","",""
"http://www.redfin.com/CA/San-Jose/565-Mac-Arthur-Ave-95128/home/721876","N","838888","5","1.4","Lynhaven Elementary School","9.2","14","9","Single Family Residential","SAN JOSE","95128","2","1.0","1092","1946","","N","",""
"http://www.redfin.com/CA/Morgan-Hill/18528-Garnet-Ln-95037/home/23047039","N","699000","5","1.0","El Toro Elementary School","43.2","30","9","Townhouse","MORGAN HILL","95037","4","3.5","1929","2014","307","N","",""
"http://www.redfin.com/CA/MORGAN-HILL/44-Granada-St-95037/home/143313606","N","897692","","","","45.2","32","9","Single Family Residential","MORGAN HILL","95037","4","3.5","2440","2017","188","N","",""
"http://www.redfin.com/CA/San-Jose/1017-Foxchase-Dr-95123/home/1741803","N","519000","6","1.3","Terrell Elementary School","22.0","17","9","Condo/Co-op","SAN JOSE","95123","2","1.0","1021","1983","458","N","",""
"http://www.redfin.com/CA/MORGAN-HILL/17975-Madrid-Ln-95037/home/143313269","N","701570","","","","45.2","32","9","Townhouse","MORGAN HILL","95037","4","4.0","2086","2017","293","N","",""
"http://www.redfin.com/CA/Morgan-Hill/175-Del-Monte-Ln-95037/home/1512738","N","550000","3","0.5","P. A. Walsh Elementary School","45.1","32","9","Condo/Co-op","MORGAN HILL","95037","2","2.0","1365","1986","410","N","August-26-2017 01:30 PM","August-26-2017 04:00 PM"
"http://www.redfin.com/CA/San-Jose/12660-Sheree-Ct-95127/home/891130","N","799950","9","0.4","Noble Elementary School","16.2","22","9","Single Family Residential","SAN JOSE","95127","4","2.0","1489","1957","","Y","",""
"http://www.redfin.com/CA/Gilroy/1061-Viognier-Way-95020/home/143312504","N","806700","7","0.2","Las Animas Elementary School","65.4","42","9","Single Family Residential","GILROY","95020","3","2.5","2510","2017","175","N","",""
"http://www.redfin.com/CA/San-Jose/872-Foxworthy-Ave-95125/home/1510562","N","849000","5","0.4","Canoas Elementary School","19.7","18","9","Single Family Residential","SAN JOSE","95125","3","2.5","1489","2003","92","N","August-26-2017 01:00 PM","August-26-2017 04:00 PM"
"http://www.redfin.com/CA/San-Jose/10271-Shoreham-Ct-95127/home/887215","N","649900","4","0.4","Lyndale Elementary School","17.5","17","9","Single Family Residential","SAN JOSE","95127","3","1.0","1060","1952","","N","",""
"http://www.redfin.com/CA/San-Jose/279-S-24th-St-95116/home/1284180","N","527000","2","0.4","Selma Olinder Elementary School","13.4","14","9","Single Family Residential","SAN JOSE","95116","2","1.0","690","1926","","N","",""
"http://www.redfin.com/CA/Gilroy/7945-Spanish-Oak-Cir-95020/home/17291712","N","649777","5","0.7","El Roble Elementary School","61.9","44","9","Single Family Residential","GILROY","95020","3","2.5","1890","2010","180","N","",""
"http://www.redfin.com/CA/Santa-Clara/1777-Lafayette-St-95050/unit-207/home/1800034","N","658888","3","0.7","Scott Lane Elementary School","2.8","6","9","Condo/Co-op","SANTA CLARA","95050","3","1.0","1425","2000","525","N","",""
"http://www.redfin.com/CA/San-Jose/144-S-3rd-St-95112/unit-152/home/875073","N","729000","3","0.4","Horace Mann Elementary School","11.8","15","9","Condo/Co-op","SAN JOSE","95112","2","2.5","1488","1997","548","N","",""
"http://www.redfin.com/CA/San-Jose/58-Palmwell-Way-95138/home/1053660","N","799000","8","2.3","Glider Elementary School","27.1","20","9","Single Family Residential","SAN JOSE","95138","4","3.0","1521","1981","","N","",""
"http://www.redfin.com/CA/San-Jose/5879-Tandera-Ave-95123/home/1237582","N","798888","5","0.3","Allen At Steinbeck School","22.2","20","9","Single Family Residential","SAN JOSE","95123","4","2.0","1342","1972","","N","August-25-2017 04:00 PM","August-25-2017 07:00 PM"
"http://www.redfin.com/CA/San-Jose/2630-Alderwood-Dr-95132/home/1149154","N","869999","10","0.2","Northwood Elementary School","11.0","18","9","Single Family Residential","SAN JOSE","95132","3","2.0","1165","1964","","N","August-26-2017 01:00 PM","August-26-2017 04:00 PM"
"http://www.redfin.com/CA/Sunnyvale/209-Red-Oak-Dr-94086/unit-Q/home/113801270","N","699000","7","0.6","Braly Elementary School","7.0","9","9","Condo/Co-op","SUNNYVALE","94086","2","1.0","926","1971","405","N","August-26-2017 12:00 PM","August-26-2017 05:00 PM"
"http://www.redfin.com/CA/San-Jose/10331-Beeman-Dr-95127/home/1663699","N","699000","6","0.6","Mt. Pleasant High School","19.1","20","10","Single Family Residential","SAN JOSE","95127","4","3.0","1638","1956","","N","August-26-2017 12:00 PM","August-26-2017 03:00 PM"
"http://www.redfin.com/CA/Morgan-Hill/16875-San-Simeon-Dr-95037/home/52672737","N","825000","5","0.7","Barrett Elementary School","45.7","30","10","Single Family Residential","MORGAN HILL","95037","4","2.5","2162","2012","100","N","August-26-2017 01:00 PM","August-26-2017 04:00 PM"
"http://www.redfin.com/CA/Milpitas/1101-S-Main-St-95035/unit-109/home/17288713","N","459888","8","0.5","Pearl Zanker Elementary School","9.8","15","10","Condo/Co-op","MILPITAS","95035","1","1.0","713","2007","432","N","",""
"http://www.redfin.com/CA/San-Jose/5723-Indian-Ave-95123/home/1649810","N","849000","6","0.3","Frost (earl) Elementary School","23.4","19","10","Single Family Residential","SAN JOSE","95123","4","2.0","1516","1962","","N","",""
"http://www.redfin.com/CA/Milpitas/515-Chestnut-Ave-95035/home/1314061","N","898000","8","0.6","Anthony Spangler Elementary School","16.5","17","10","Single Family Residential","MILPITAS","95035","3","2.0","1253","1960","","N","August-26-2017 01:30 AM","August-26-2017 04:30 PM"
"http://www.redfin.com/CA/San-Jose/1371-Kilchoan-Ct-95122/home/877334","N","679888","7","0.4","Jeanne R. Meadows Elementary School","16.6","16","10","Single Family Residential","SAN JOSE","95122","3","2.0","1111","1964","","N","",""
"http://www.redfin.com/CA/Santa-Clara/946-Kiely-Blvd-95051/unit-C/home/1190416","N","559950","6","1.2","Juan Cabrillo Middle School","4.3","9","10","Condo/Co-op","SANTA CLARA","95051","2","2.0","956","1971","480","N","August-26-2017 01:00 PM","August-26-2017 04:00 PM"
"http://www.redfin.com/CA/San-Jose/353-Vaughn-Ave-95128/home/1262516","N","898000","5","0.2","Luther Burbank Elementary School","7.2","15","10","Single Family Residential","San Jose","95128","2","2.0","1069","1915","","N","",""
"http://www.redfin.com/CA/San-Jose/1766-Piedmont-Rd-95132/home/976805","N","599900","9","0.3","Majestic Way Elementary School","13.8","23","10","Townhouse","SAN JOSE","95132","3","1.5","1176","1975","225","N","",""
"http://www.redfin.com/CA/Los-Gatos/17741-Comanche-Trl-95033/home/916663","N","550000","10","3.3","Loma Prieta Elementary School","35.3","27","11","Single Family Residential","LOS GATOS","95033","2","1.0","549","1935","159","N","",""
"http://www.redfin.com/CA/San-Jose/497-Coakley-Dr-95117/home/1324723","N","900000","5","0.6","Lynhaven Elementary School","6.9","12","11","Single Family Residential","SAN JOSE","95117","3","1.5","1502","1955","","N","",""
"http://www.redfin.com/CA/Campbell/1350-Sharp-Ave-95008/home/1299364","N","899000","8","0.5","Farnham Charter School","21.8","19","11","Single Family Residential","CAMPBELL","95008","3","1.0","900","1955","","N","",""
"http://www.redfin.com/CA/Campbell/131-Union-Ave-95008/unit-H/home/1151782","N","735000","8","0.9","Bagby Elementary School","12.3","20","11","Condo/Co-op","CAMPBELL","95008","2","2.0","1346","1983","372","N","",""
"http://www.redfin.com/CA/San-Jose/460-Hannah-St-95126/home/1642733","N","875000","2","0.3","Gardner Elementary School","12.6","14","11","Single Family Residential","SAN JOSE","95126","4","2.0","1587","2002","","N","",""
"http://www.redfin.com/CA/Gilroy/237-Carlyle-Ct-95020/home/1023126","N","549000","5","0.5","Antonio Del Buono Elementary School","59.1","39","11","Single Family Residential","GILROY","95020","3","1.0","1123","1972","","N","August-26-2017 01:00 PM","August-26-2017 04:00 PM"
"http://www.redfin.com/CA/San-Jose/2743-Custer-Dr-95124/home/1607094","N","899950","8","0.3","Fammatre Elementary School","19.6","21","11","Single Family Residential","SAN JOSE","95124","3","2.0","1320","1954","","N","",""
"http://www.redfin.com/CA/San-Jose/1851-Pine-Hollow-Cir-95133/home/623149","N","889000","7","1.9","Millard McCollam Elementary School","12.8","16","11","Single Family Residential","SAN JOSE","95133","4","3.0","1553","1980","","N","August-26-2017 02:00 PM","August-26-2017 04:00 PM"
"http://www.redfin.com/CA/San-Jose/5399-Garrison-Cir-95123/home/1243569","N","758000","5","0.7","Anderson (alex) Elementary School","26.5","20","12","Single Family Residential","SAN JOSE","95123","3","2.0","1399","1977","","N","",""
"http://www.redfin.com/CA/San-Jose/3542-Verdi-Dr-95111/home/1662204","N","649950","8","0.4","G. W. Hellyer Elementary School","21.8","18","12","Single Family Residential","Coyote Creek","95111","4","2.0","1241","1959","","N","",""
"http://www.redfin.com/CA/San-Jose/1674-Midfield-Ave-95122/home/1863173","N","675000","5","0.1","O. S. Hubbard Elementary School","15.6","15","14","Single Family Residential","SAN JOSE","95122","3","1.0","960","1959","","N","",""
"http://www.redfin.com/CA/Gilroy/7621-Forest-St-95020/home/1448629","N","575000","4","0.4","Eliot Elementary School","60.0","39","14","Single Family Residential","GILROY","95020","3","2.0","1200","2017","","N","",""
"http://www.redfin.com/CA/San-Jose/3366-Napoli-Pl-95135/home/645679","N","850000","10","0.4","Tom Matsumoto Elementary School","24.1","25","14","Townhouse","SAN JOSE","95135","2","2.5","1482","2004","179","N","August-26-2017 01:00 PM","August-26-2017 05:00 PM"
"http://www.redfin.com/CA/San-Jose/2126-Rio-Barranca-Ct-95116/home/1099823","N","479900","4","0.8","San Antonio Elementary School","13.3","15","14","Condo/Co-op","SAN JOSE","95116","3","1.5","1180","1971","235","N","",""
"http://www.redfin.com/CA/San-Jose/4990-Narvaez-Ave-95136/home/1346935","N","820000","8","0.3","Rachel Carson Elementary School","19.5","17","14","Single Family Residential","SAN JOSE","95136","4","2.0","1490","1976","","N","August-27-2017 01:00 PM","August-27-2017 04:00 PM"
"http://www.redfin.com/CA/San-Jose/237-Rayos-Del-Sol-Dr-95116/home/12180662","N","739000","3","0.5","McKinley Elementary School","13.3","14","14","Single Family Residential","SAN JOSE","95116","3","2.5","2041","2006","108","N","August-26-2017 01:00 PM","August-26-2017 04:00 PM"
"http://www.redfin.com/CA/San-Jose/1375-Lick-Ave-95110/unit-1121/home/17288941","N","849950","9","0.6","Hammer Montessori At Galarza Elementary School","14.2","14","14","Condo/Co-op","SAN JOSE","95110","2","2.0","1233","2009","458","N","August-26-2017 01:00 PM","August-26-2017 04:00 PM"
"http://www.redfin.com/CA/Morgan-Hill/155-Del-Monte-Ln-95037/home/1014980","N","555000","3","0.5","P. A. Walsh Elementary School","45.0","32","14","Condo/Co-op","MORGAN HILL","95037","2","2.0","1365","1986","410","N","",""
"http://www.redfin.com/CA/San-Jose/1413-Meadow-Glen-Way-95121/home/1618885","N","847000","6","0.1","Dove Hill Elementary School","20.7","17","14","Single Family Residential","SAN JOSE","95121","5","3.0","1936","1974","","N","",""
"http://www.redfin.com/CA/San-Jose/4085-Ambler-Way-95111/home/896790","N","699999","8","0.2","G. W. Hellyer Elementary School","21.4","18","14","Single Family Residential","SAN JOSE","95111","3","2.0","1243","1972","","N","",""
"http://www.redfin.com/CA/San-Jose/1760-Loyola-Dr-95122/home/1109493","N","570000","4","0.4","A. J. Dorsa Elementary School","15.6","16","15","Single Family Residential","SAN JOSE","95122","3","2.0","1040","1959","","N","",""
"http://www.redfin.com/CA/San-Jose/7216-Via-Amparo-95135/home/865351","Y","524000","7","1.9","Laurelwood Elementary School","26.4","25","15","Condo/Co-op","SAN JOSE","95135","2","2.0","1386","1980","694","N","",""
"http://www.redfin.com/CA/San-Jose/487-Menker-Ave-95128/home/549519","N","749950","5","0.7","Merritt Trace Elementary School","16.6","14","15","Single Family Residential","SAN JOSE","95128","3","1.0","1288","1925","","N","",""
"http://www.redfin.com/CA/San-Jose/3819-Masters-Ct-95111/home/1296985","N","805000","8","0.3","G. W. Hellyer Elementary School","21.6","19","15","Single Family Residential","SAN JOSE","95111","4","3.0","1890","1980","","N","August-27-2017 01:00 PM","August-27-2017 04:00 PM"
"http://www.redfin.com/CA/San-Jose/665-S-10th-St-95112/home/874560","N","799000","3","0.2","Lowell Elementary School","13.9","12","16","Single Family Residential","SAN JOSE","95112","3","2.0","1294","1900","","N","",""
"http://www.redfin.com/CA/San-Jose/892-La-Barbera-Dr-95126/home/730676","N","599800","4","0.7","Blackford Elementary School","15.0","13","16","Condo/Co-op","SAN JOSE","95126","2","2.0","987","1985","290","N","August-26-2017 01:00 PM","August-26-2017 04:00 PM"
"http://www.redfin.com/CA/San-Jose/495-Latona-Ct-95111/home/975526","N","898800","9","2.4","Santa Teresa Elementary School","26.1","20","16","Single Family Residential","SAN JOSE","95111","4","2.5","2000","1980","","N","",""
"http://www.redfin.com/CA/Milpitas/1501-Bond-St-95035/home/95955175","N","799000","8","2.0","Alexander Rose Elementary School","9.9","16","16","Condo/Co-op","MILPITAS","95035","2","2.5","1300","2014","222","N","",""
"http://www.redfin.com/CA/San-Jose/1032-Branham-Ln-95136/home/1338824","N","849000","6","0.5","Terrell Elementary School","20.7","19","16","Single Family Residential","SAN JOSE","95136","4","2.0","1705","1965","","N","",""
"http://www.redfin.com/CA/Gilroy/Mataro-at-Glen-Loma-Ranch/Residence-1/home/143068518","N","898880","7","0.1","Las Animas Elementary School","65.5","42","","Single Family Residential","Mataro at Glen Loma Ranch","95020","4","3.5","3294","","","N","",""
"http://www.redfin.com/CA/Milpitas/1225-Mente-Linda-Loop-95035/home/17291685","N","815000","8","1.1","Pearl Zanker Elementary School","14.5","16","17","Townhouse","MILPITAS","95035","2","2.0","1371","2007","230","N","",""
"http://www.redfin.com/CA/MORGAN-HILL/95-PASEO-MADRE-CT-95037/home/143043974","N","875000","","","","45.2","32","17","Single Family Residential","MORGAN HILL","95037","4","3.0","2222","2017","","N","August-26-2017 01:30 PM","August-26-2017 04:30 PM"
"http://www.redfin.com/CA/San-Jose/109-Decker-Way-95127/home/1298580","N","675000","5","0.3","Linda Vista Elementary School","19.0","19","17","Single Family Residential","SAN JOSE","95127","3","1.0","1235","1953","","N","",""
"http://www.redfin.com/CA/San-Jose/1051-Villa-Maria-Ct-95125/home/844451","N","779888","8","0.8","Willow Glen Elementary School","14.3","13","17","Townhouse","SAN JOSE","95125","2","2.5","1353","1982","500","N","August-26-2017 01:30 PM","August-26-2017 04:00 PM"
"http://www.redfin.com/CA/Gilroy/9534-Rodeo-Dr-95020/home/52671818","N","779950","8","0.5","Luigi Aprea Elementary School","59.0","39","18","Single Family Residential","GILROY","95020","3","2.0","2221","2012","","N","",""
"http://www.redfin.com/CA/Campbell/2785-S-Bascom-Ave-95008/unit-28/home/1741101","N","685000","8","0.8","Farnham Charter School","13.5","20","18","Condo/Co-op","CAMPBELL","95008","3","2.5","1262","1984","360","N","",""
"http://www.redfin.com/CA/MORGAN-HILL/17987-Madrid-Ln-95037/home/143149295","N","667187","","","","45.2","32","18","Townhouse","MORGAN HILL","95037","3","3.0","1817","2017","293","N","",""
"http://www.redfin.com/CA/San-Jose/6946-Gregorich-Dr-95138/unit-B/home/1361834","N","610000","7","0.6","Los Paseos Elementary School","28.8","22","18","Condo/Co-op","Santa Clara County","95138","2","2.5","1093","1992","305","N","",""
"http://www.redfin.com/CA/Gilroy/9098-Spencer-Ct-95020/home/1021514","N","709900","5","0.5","Antonio Del Buono Elementary School","59.5","40","19","Single Family Residential","GILROY","95020","4","2.5","1735","1994","","N","",""
"http://www.redfin.com/CA/San-Jose/1152-Pipe-Dream-Ct-95122/home/1646992","N","649000","4","0.3","Santee Elementary School","15.1","14","19","Single Family Residential","SAN JOSE","95122","3","2.5","1316","1994","","N","",""
"http://www.redfin.com/CA/Morgan-Hill/131-La-Crosse-Dr-95037/home/706222","N","499950","9","0.3","Paradise Valley/machado Elementary School","48.4","34","21","Condo/Co-op","MORGAN HILL","95037","2","2.0","1008","1984","375","N","August-26-2017 01:00 PM","August-26-2017 04:00 PM"
"http://www.redfin.com/CA/San-Jose/6536-Cobblestone-Ct-95120/home/931917","N","789000","10","0.9","Williams Elementary School","26.6","24","21","Townhouse","SAN JOSE","95120","2","2.0","1124","1973","360","Y","",""
"http://www.redfin.com/CA/San-Jose/657-N-Capitol-Ave-95133/home/2123564","N","739000","7","1.0","Summerdale Elementary School","18.7","17","22","Townhouse","SAN JOSE","95133","2","2.5","1504","2005","177","N","",""
"http://www.redfin.com/CA/San-Jose/5379-Deodara-Grove-Ct-95123/home/1444161","N","558500","3","0.5","Miner (george) Elementary School","24.6","21","22","Townhouse","SAN JOSE","95123","3","1.5","1156","1970","335","N","",""
"http://www.redfin.com/CA/Gilroy/Heartland-Gardens/The-Biltmore/home/143081476","N","873990","7","2.7","Las Animas Elementary School","62.6","43","","Single Family Residential","Heartland Gardens","95020","4","3.5","2541","","","N","",""
"http://www.redfin.com/CA/Gilroy/Heartland-Gardens/The-Bishop/home/143081475","N","750990","7","2.7","Las Animas Elementary School","62.6","43","","Single Family Residential","Heartland Gardens","95020","3","2.5","2272","","","N","",""
"http://www.redfin.com/CA/Gilroy/Heartland-Gardens/The-Carpenter/home/143081473","N","794990","7","2.7","Las Animas Elementary School","62.6","43","","Single Family Residential","Heartland Gardens","95020","4","3.0","2507","","","N","",""
"http://www.redfin.com/CA/Gilroy/Heartland-Gardens/The-Paine/home/143081471","N","883990","7","2.7","Las Animas Elementary School","62.6","43","","Single Family Residential","Heartland Gardens","95020","4","3.5","2648","","","N","",""
"http://www.redfin.com/CA/Gilroy/Heartland-Gardens/The-Reynolds/home/143081470","N","764990","7","2.7","Las Animas Elementary School","62.6","43","","Single Family Residential","Heartland Gardens","95020","4","3.0","2382","","","N","",""
"http://www.redfin.com/CA/Gilroy/Heartland-Gardens/The-Wayne/home/143081469","N","725990","7","2.7","Las Animas Elementary School","62.6","43","","Single Family Residential","Heartland Gardens","95020","3","2.5","2008","","","N","",""
"http://www.redfin.com/CA/Gilroy/Mataro-at-Glen-Loma-Ranch/Residence-2/home/143068519","N","892880","7","0.1","Las Animas Elementary School","65.5","42","","Single Family Residential","Mataro at Glen Loma Ranch","95020","4","4.5","3539","","","N","",""
"http://www.redfin.com/CA/San-Jose/6089-Calle-De-Amor-95124/home/1582937","N","799950","10","0.5","Guadalupe Elementary School","27.4","23","23","Townhouse","SAN JOSE","95124","2","2.5","1490","1977","400","Y","",""
"http://www.redfin.com/CA/Gilroy/7010-Holsclaw-Rd-95020/unit-A/home/686530","N","785000","6","4.1","Rucker Elementary School","63.8","40","23","Single Family Residential","GILROY","95020","4","2.0","1806","1962","","N","",""
"http://www.redfin.com/CA/Morgan-Hill/17590-Depot-St-95037/unit-306/home/143063755","N","799000","5","0.3","El Toro Elementary School","45.0","32","24","Condo/Co-op","Morgan Hill","95037","3","2.0","2099","2017","462","N","",""
"http://www.redfin.com/CA/San-Jose/8455-Traminer-Ct-95135/home/1795261","Y","629999","10","0.4","Silver Oak Elementary School","27.4","27","25","Condo/Co-op","SAN JOSE","95135","2","2.0","1497","1978","780","N","",""
"http://www.redfin.com/CA/San-Jose/541-Groth-Pl-95111/home/1496411","N","530000","5","0.4","Los Arboles Elementary School","21.2","19","25","Condo/Co-op","SAN JOSE","95111","4","2.5","1392","1982","291","N","",""
"http://www.redfin.com/CA/San-Jose/2581-Yerba-Bank-Ct-95121/home/1865132","N","750000","7","0.2","Laurelwood Elementary School","23.5","20","28","Townhouse","SAN JOSE","95121","3","2.0","1216","1988","275","N","August-26-2017 01:00 PM","August-26-2017 04:00 PM"
"http://www.redfin.com/CA/San-Jose/5248-Cribari-Hills-95135/home/1497851","Y","465000","7","1.4","Laurelwood Elementary School","26.3","25","29","Condo/Co-op","SAN JOSE","95135","2","1.0","947","1971","569","N","",""
"http://www.redfin.com/CA/San-Jose/1543-Desdemona-Ct-95121/home/1688725","N","462500","5","0.2","O. B. Whaley Elementary School","17.9","18","29","Townhouse","SAN JOSE","95121","3","1.5","1176","1972","347","N","",""
"http://www.redfin.com/CA/Gilroy/7711-Isabella-Way-95020/home/910826","Y","515000","7","1.8","Las Animas Elementary School","61.6","43","29","Single Family Residential","GILROY","95020","3","2.0","1293","2003","235","N","",""
"http://www.redfin.com/CA/San-Jose/1614-Orlando-Dr-95122/home/1807351","N","665001","3","0.5","Donald J. Meyer Elementary School","15.6","16","29","Single Family Residential","SAN JOSE","95122","3","2.0","1100","1959","","N","",""
"http://www.redfin.com/CA/Gilroy/Harvest-Park/The-Capay/home/143014064","N","702990","5","0.4","Antonio Del Buono Elementary School","57.3","36","","Single Family Residential","Harvest Park","95020","3","2.5","2133","","","N","",""
"http://www.redfin.com/CA/Gilroy/Harvest-Park/The-Esparto/home/143014063","N","763990","5","0.4","Antonio Del Buono Elementary School","57.3","36","","Single Family Residential","Harvest Park","95020","4","3.0","2525","","","N","",""
"http://www.redfin.com/CA/Gilroy/Harvest-Park/The-Winters/home/143014062","N","702990","5","0.4","Antonio Del Buono Elementary School","57.3","36","","Single Family Residential","Harvest Park","95020","4","2.5","2155","","","N","",""
"http://www.redfin.com/CA/Gilroy/Harvest-Park/The-Yreka/home/143014061","N","733990","5","0.4","Antonio Del Buono Elementary School","57.3","36","","Single Family Residential","Harvest Park","95020","3","2.5","2325","","","N","",""
"http://www.redfin.com/CA/Morgan-Hill/Solera-Ranch/Plan-6-Townhome/home/108902271","N","789990","3","0.8","P. A. Walsh Elementary School","44.8","32","","Single Family Residential","Solera Ranch","95037","3","2.5","2094","","","N","",""
"http://www.redfin.com/CA/San-Jose/425-Bonita-Ave-95116/home/1067772","N","699000","3","0.4","McKinley Elementary School","13.3","14","30","Single Family Residential","SAN JOSE","95116","3","2.0","1186","1915","","N","",""
"http://www.redfin.com/CA/Los-Gatos/17751-Cherokee-Trl-95033/home/1598259","N","899000","10","3.3","Loma Prieta Elementary School","35.4","27","31","Single Family Residential","LOS GATOS","95033","3","2.0","1344","1926","130","N","August-26-2017 02:00 PM","August-26-2017 04:30 PM"
"http://www.redfin.com/CA/Gilroy/9501-Hummingbird-Ln-95020/home/52520842","N","834900","5","0.2","Antonio Del Buono Elementary School","58.8","39","31","Single Family Residential","GILROY","95020","5","3.5","2768","2013","50","N","",""
"http://www.redfin.com/CA/San-Jose/1237-Panoche-Ave-95122/home/1230001","N","739000","4","0.3","Santee Elementary School","15.0","13","31","Single Family Residential","SAN JOSE","95122","4","2.5","1548","1997","","N","",""
"http://www.redfin.com/CA/San-Jose/Apex-at-Berryessa-Crossing/Plan-1/home/142995382","N","746087","8","0.8","Vinci Park Elementary School","11.1","13","","Single Family Residential","Apex at Berryessa Crossing","95133","2","2.0","1171","","","N","",""
"http://www.redfin.com/CA/San-Jose/Apex-at-Berryessa-Crossing/Plan-2/home/142995381","N","786827","8","0.8","Vinci Park Elementary School","11.1","13","","Single Family Residential","Apex at Berryessa Crossing","95133","2","2.0","1371","","","N","",""
"http://www.redfin.com/CA/San-Jose/649-Illinois-Ave-95125/home/1275235","N","889950","2","0.1","Gardner Elementary School","12.8","14","32","Single Family Residential","SAN JOSE","95125","4","2.0","1638","1954","","N","August-26-2017 01:00 PM","August-26-2017 04:00 PM"
"http://www.redfin.com/CA/San-Jose/3057-Vineyard-Park-Pl-95148/unit-2/home/142991254","N","877052","9","0.5","Norwood Creek Elementary School","22.0","20","33","Condo/Co-op","SAN JOSE","95136","2","2.0","1905","2017","378","N","",""
"http://www.redfin.com/CA/Los-Gatos/30000-Loma-Chiquita-Rd-95033/home/1496875","N","830000","10","7.8","Loma Prieta Elementary School","58.1","1","35","Single Family Residential","LOS GATOS","95033","3","2.0","1536","2000","","N","",""
"http://www.redfin.com/CA/San-Jose/2607-Lombard-Ave-95116/home/1121797","N","799000","4","0.6","Lyndale Elementary School","17.0","15","35","Single Family Residential","SAN JOSE","95116","7","4.0","1746","1960","","N","",""
"http://www.redfin.com/CA/Morgan-Hill/17590-Depot-St-95037/unit-305/home/142968717","N","809000","5","0.3","El Toro Elementary School","45.0","32","35","Condo/Co-op","Downtown","95037","3","2.0","2097","2017","462","N","",""
"http://www.redfin.com/CA/Gilroy/2370-Dryden-Ave-95020/home/1029039","N","799888","6","2.9","Rucker Elementary School","60.2","39","35","Single Family Residential","GILROY","95020","3","2.0","1470","1972","","N","",""
"http://www.redfin.com/CA/Saratoga/19305-Vineyard-Ln-95070/home/955625","N","728888","10","1.6","Country Lane Elementary School","25.8","20","35","Condo/Co-op","SARATOGA","95070","2","1.0","948","1971","500","N","",""
"http://www.redfin.com/CA/San-Jose/2104-Shortridge-Ave-95116/unit-A/home/1099720","N","748000","4","0.4","San Antonio Elementary School","13.4","14","35","Single Family Residential","SAN JOSE","95116","3","2.0","1035","2017","","N","August-27-2017 01:30 PM","August-27-2017 04:00 PM"
"http://www.redfin.com/CA/Morgan-Hill/17030-Saint-Anne-Ln-95037/home/52672271","N","710000","5","0.6","El Toro Elementary School","46.4","32","36","Townhouse","MORGAN HILL","95037","4","3.5","2122","2013","120","N","",""
"http://www.redfin.com/CA/San-Jose/38-N-Almaden-Blvd-95110/unit-1103/home/17291010","N","650000","3","0.7","Horace Mann Elementary School","10.7","11","37","Condo/Co-op","SAN JOSE","95110","1","1.0","868","2008","500","N","",""
"http://www.redfin.com/CA/Cupertino/20675-Celeste-Cir-95014/unit-20675/home/142948316","N","798800","8","0.8","Chester W. Nimitz Elementary School","16.1","19","37","Condo/Co-op","CUPERTINO","95014","1","1.0","871","1984","309","N","",""
"http://www.redfin.com/CA/San-Jose/38-N-Almaden-Blvd-95110/unit-1508/home/17291314","N","649000","3","0.7","Horace Mann Elementary School","10.7","11","37","Condo/Co-op","SAN JOSE","95110","1","1.0","791","2008","436","N","",""
"http://www.redfin.com/CA/Morgan-Hill/17590-Depot-St-95037/unit-206/home/142945361","N","629000","5","0.3","El Toro Elementary School","45.0","32","37","Condo/Co-op","Downtown","95037","2","2.0","1313","2017","408","N","",""
"http://www.redfin.com/CA/San-Jose/2296-Ruby-Ave-95148/home/1745087","N","799000","6","1.0","Mt. Pleasant High School","21.9","22","38","Single Family Residential","SAN JOSE","95148","4","2.0","1825","1967","","N","",""
"http://www.redfin.com/CA/Santa-Clara/1033-Alta-Mira-Dr-95051/unit-A/home/736272","N","665000","6","0.4","Pomeroy Elementary School","5.4","10","39","Condo/Co-op","SANTA CLARA","95051","2","2.0","1067","1971","420","N","",""
"http://www.redfin.com/CA/San-Jose/729-Gier-Ct-95111/home/948930","N","900000","7","0.4","Stonegate Elementary School","18.7","18","41","Single Family Residential","SAN JOSE","95111","3","2.0","1257","1977","","N","",""
"http://www.redfin.com/CA/San-Jose/1768-Parkview-Green-Cir-95131/home/687984","N","575000","7","1.3","Brooktree Elementary School","12.3","15","42","Condo/Co-op","SAN JOSE","95131","1","1.0","719","1988","316","N","August-27-2017 01:30 PM","August-27-2017 04:30 PM"
"http://www.redfin.com/CA/San-Jose/1562-Fitchville-Ave-95126/home/1765244","N","799000","4","0.3","Blackford Elementary School","15.7","16","42","Condo/Co-op","SAN JOSE","95126","3","2.5","1470","1977","360","N","",""
"http://www.redfin.com/CA/San-Jose/2589-Leigh-Ave-95124/home/1260329","N","899000","8","0.3","Fammatre Elementary School","18.9","20","42","Single Family Residential","SAN JOSE","95124","3","2.0","1100","1958","","N","",""
"http://www.redfin.com/CA/San-Jose/3735-Marchant-Dr-95127/home/948775","N","795000","6","1.5","Mt. Pleasant High School","20.2","21","42","Single Family Residential","SAN JOSE","95127","3","2.0","1109","1971","","N","",""
"http://www.redfin.com/CA/San-Jose/1575-Sawgrass-Dr-95116/home/1195538","N","780000","3","0.5","Cesar Chavez Elementary School","13.9","16","43","Single Family Residential","SAN JOSE","95116","4","2.5","1786","1998","74","N","",""
"http://www.redfin.com/CA/Gilroy/222-Martin-St-95020/home/1845712","N","899888","4","0.3","Eliot Elementary School","60.4","40","44","Single Family Residential","GILROY","95020","5","2.0","3176","1900","","N","",""
"http://www.redfin.com/CA/San-Jose/604-Hermes-Ct-95111/home/874827","N","599900","7","0.5","Stonegate Elementary School","18.9","19","44","Townhouse","SAN JOSE","95111","3","2.5","1496","1989","200","N","",""
"http://www.redfin.com/CA/Morgan-Hill/2730-Hay-Loft-Way-95037/home/1115896","N","799888","8","0.1","Jackson Academy of Music And Math (jamm)","47.2","32","44","Single Family Residential","Morgan Hill","95037","3","2.0","1736","1976","","N","",""
"http://www.redfin.com/CA/San-Jose/39-Scharff-Ave-95116/home/1502502","N","650000","4","0.6","San Antonio Elementary School","16.2","14","45","Single Family Residential","SAN JOSE","95116","3","2.0","857","1920","","N","",""
"http://www.redfin.com/CA/San-Jose/6906-Chantel-Ct-95129/home/792838","N","575000","10","0.6","Blue Hills Elementary School","22.3","18","45","Condo/Co-op","SAN JOSE","95129","1","1.0","582","1987","310","Y","",""
"http://www.redfin.com/CA/San-Jose/1953-Supreme-Dr-95148/home/895547","N","740000","4","0.8","Thomas P. Ryan Elementary School","19.3","18","47","Single Family Residential","SAN JOSE","95148","3","2.0","1189","1977","","N","",""
"http://www.redfin.com/CA/Morgan-Hill/14955-Sword-Dancer-Ct-95037/home/1162243","N","829900","4","1.8","San Martin/gwinn Elementary School","49.8","34","49","Single Family Residential","MORGAN HILL","95037","3","2.5","2145","1977","","N","",""
"http://www.redfin.com/CA/San-Jose/38-N-Almaden-Blvd-95110/unit-1803/home/17291297","N","674000","3","0.7","Horace Mann Elementary School","10.7","11","49","Condo/Co-op","SAN JOSE","95110","1","1.0","868","2008","500","N","August-26-2017 02:00 PM","August-26-2017 04:00 PM"
"http://www.redfin.com/CA/San-Jose/1359-Phelps-Ave-95117/unit-11/home/754952","N","484000","9","0.4","George C. Payne Elementary School","8.6","13","50","Condo/Co-op","SAN JOSE","95117","2","1.0","840","1963","287","Y","August-26-2017 01:00 PM","August-26-2017 04:00 PM"
"http://www.redfin.com/CA/Morgan-Hill/Uvas-Rd-95037/home/17293289","N","750000","9","3.9","Paradise Valley/machado Elementary School","53.3","41","56","Single Family Residential","MORGAN HILL","95037","3","1.5","2000","1920","","N","",""
"http://www.redfin.com/CA/San-Jose/8113-Cabernet-Ct-95135/home/962353","Y","675000","10","0.8","Silver Oak Elementary School","26.8","25","56","Condo/Co-op","SAN JOSE","95135","2","3.0","1554","1974","938","N","",""
"http://www.redfin.com/CA/San-Jose/276-Turquesa-Ct-95116/home/1058982","N","765000","4","0.7","San Antonio Elementary School","12.7","15","57","Single Family Residential","SAN JOSE","95116","3","2.0","1005","1980","","N","",""
"http://www.redfin.com/CA/Morgan-Hill/16980-Sugarpine-Dr-95037/home/1028859","N","649000","9","0.3","Nordstrom Elementary School","45.6","31","58","Townhouse","MORGAN HILL","95037","2","1.5","1148","1991","275","N","",""
"http://www.redfin.com/CA/Los-Altos/150-W-Edith-Ave-94022/unit-30/home/634176","N","835000","10","0.6","Gardner Bullis Elementary School","17.5","23","58","Condo/Co-op","LOS ALTOS","94022","1","1.0","756","1968","315","N","August-27-2017 01:00 PM","August-27-2017 04:00 PM"
"http://www.redfin.com/CA/San-Jose/795-Modern-Ice-Dr-95112/home/40175666","N","678888","4","1.3","Walter L. Bachrodt Elementary School","9.5","11","58","Condo/Co-op","SAN JOSE","95112","2","2.5","1288","2009","210","N","",""
"http://www.redfin.com/CA/Los-Gatos/33200-Loma-Chiquita-Rd-95033/home/668046","N","865000","10","7.0","Loma Prieta Elementary School","56.8","1","59","Single Family Residential","LOS GATOS","95033","5","2.0","1904","1977","","N","",""
"http://www.redfin.com/CA/Morgan-Hill/6787-Croy-Rd-95037/home/129867872","N","499000","5","8.1","Barrett Elementary School","62.8","1","64","Single Family Residential","MORGAN HILL","95037","2","1.0","864","2013","","N","",""
"http://www.redfin.com/CA/Morgan-Hill/153-Del-Monte-Ln-95037/home/1014222","N","555000","3","0.5","P. A. Walsh Elementary School","44.9","32","65","Condo/Co-op","MORGAN HILL","95037","2","2.0","1365","1986","410","N","",""
"http://www.redfin.com/CA/Los-Gatos/30003-Summit-Rd-95033/home/52342716","N","800000","6","8.1","Bradley Elementary School","53.7","50","66","Single Family Residential","LOS GATOS","95033","3","1.0","2507","2007","","N","",""
"http://www.redfin.com/CA/San-Jose/15143-Rosemar-Ave-95127/home/1039991","N","874900","6","1.6","Mt. Pleasant High School","20.3","21","66","Single Family Residential","SAN JOSE","95127","3","2.0","1823","1950","","N","",""
"http://www.redfin.com/CA/San-Jose/330-Serrano-Ave-95127/home/905233","N","650000","4","0.4","Horace Cureton Elementary School","18.3","18","66","Single Family Residential","SAN JOSE","95127","3","1.0","1050","1948","","N","",""
"http://www.redfin.com/CA/San-Jose/4150-Pepper-Tree-Ln-95127/home/1585648","N","849950","5","0.9","Linda Vista Elementary School","21.2","22","67","Single Family Residential","SAN JOSE","95127","3","2.0","1886","1950","","N","",""
"http://www.redfin.com/CA/Gilroy/Zinfandel-at-Glen-Loma-Ranch/Residence-Two/home/102467058","N","899000","7","0.2","Las Animas Elementary School","65.5","42","","Single Family Residential","Zinfandel at Glen Loma Ranch","95020","4","3.0","3496","","","N","",""
"http://www.redfin.com/CA/San-Jose/8352-Charbono-Ct-95135/home/1844190","Y","628000","10","0.6","Silver Oak Elementary School","27.0","26","70","Condo/Co-op","SAN JOSE","95135","2","2.0","1370","1978","898","N","",""
"http://www.redfin.com/CA/Gilroy/Zinfandel-at-Glen-Loma-Ranch/Residence-One/home/102467059","N","879000","7","0.2","Las Animas Elementary School","65.5","42","","Single Family Residential","Zinfandel at Glen Loma Ranch","95020","4","3.0","3279","","","N","",""
"http://www.redfin.com/CA/Morgan-Hill/16988-Sorrel-Way-95037/home/1252407","N","525000","8","0.3","Jackson Academy of Music And Math (jamm)","46.6","31","71","Condo/Co-op","MORGAN HILL","95037","2","2.0","1104","1987","366","N","",""
"http://www.redfin.com/CA/San-Jose/1210-Bacchus-Dr-95122/home/1757282","N","759000","7","0.4","Jeanne R. Meadows Elementary School","16.6","17","71","Single Family Residential","SAN JOSE","95122","5","3.5","1512","1971","","N","",""
"http://www.redfin.com/CA/Gilroy/Vista-Bella-at-Glen-Loma-Ranch/Residence-Four/home/102467060","N","835000","7","0.2","Las Animas Elementary School","65.5","42","","Single Family Residential","Vista Bella at Glen Loma Ranch","95020","4","3.0","3101","","","N","",""
"http://www.redfin.com/CA/Gilroy/767-Lawrence-Dr-95020/home/1171985","N","599000","8","0.3","Rod Kelley Elementary School","59.5","40","72","Single Family Residential","GILROY","95020","3","2.0","1628","1967","","N","",""
"http://www.redfin.com/CA/Morgan-Hill/95-W-Main-Ave-95037/home/1014103","N","849000","3","0.3","P. A. Walsh Elementary School","45.4","33","76","Single Family Residential","MORGAN HILL","95037","4","2.0","1312","1895","","N","",""
"http://www.redfin.com/CA/Morgan-Hill/9610-Monterey-Rd-95037/home/40176560","N","710000","7","3.4","Los Paseos Elementary School","34.9","24","77","Single Family Residential","MORGAN HILL","95037","2","1.0","780","1950","","N","",""
"http://www.redfin.com/CA/San-Jose/162-Carling-Ct-95111/home/1420971","N","779950","3","0.6","Edenvale Elementary School","24.8","22","77","Single Family Residential","SAN JOSE","95111","4","2.5","1732","1963","","N","",""
"http://www.redfin.com/CA/San-Jose/107-Bob-Hansen-Ct-95116/home/17569775","N","500000","4","0.3","San Antonio Elementary School","13.2","14","79","Townhouse","SAN JOSE","95116","3","2.0","1249","2008","156","N","",""
"http://www.redfin.com/CA/Morgan-Hill/16710-San-Dimas-Ln-95037/home/55517555","N","835000","5","0.3","Barrett Elementary School","46.0","31","81","Single Family Residential","MORGAN HILL","95037","3","3.0","2180","2014","185","N","",""
"http://www.redfin.com/CA/Morgan-Hill/16550-Jackson-Oaks-Dr-95037/home/845152","N","899000","8","1.0","Jackson Academy of Music And Math (jamm)","49.6","34","82","Single Family Residential","MORGAN HILL","95037","3","2.0","2400","1973","33","N","",""
"http://www.redfin.com/CA/Mountain-View/181-Del-Medio-Ave-94040/unit-310/home/12171976","N","789000","10","1.2","Santa Rita Elementary School","16.4","18","84","Condo/Co-op","MOUNTAIN VIEW","94040","2","1.0","936","1962","441","N","",""
"http://www.redfin.com/CA/San-Jose/7658-Falkirk-Dr-95135/home/966124","N","698000","10","1.2","Silver Oak Elementary School","27.1","26","84","Condo/Co-op","SAN JOSE","95135","2","2.0","1509","1988","828","N","",""
"http://www.redfin.com/CA/Watsonville/220-Bella-Vista-Ln-95076/home/2424736","N","775000","7","7.1","Las Animas Elementary School","69.2","53","92","Single Family Residential","WATSONVILLE","95076","3","3.0","1616","1954","","N","",""
"http://www.redfin.com/CA/Los-Gatos/29200-Loma-Chiquita-Rd-95033/home/1703162","N","799000","5","9.5","Barrett Elementary School","58.7","1","94","Single Family Residential","LOS GATOS","95033","3","2.5","2357","1999","","N","",""
"http://www.redfin.com/CA/San-Jose/1111-Plum-St-95110/home/842122","N","629950","4","0.2","Washington Elementary School","15.0","15","95","Single Family Residential","SAN JOSE","95110","2","1.0","934","1908","","N","",""
"http://www.redfin.com/CA/Milpitas/1101-S-Main-St-95035/unit-318/home/17289664","N","549000","8","0.5","Pearl Zanker Elementary School","9.8","15","99","Condo/Co-op","MILPITAS","95035","1","1.0","926","2007","465","N","",""
"http://www.redfin.com/CA/San-Jose/296-La-Pala-95127/home/104315860","N","770400","5","0.3","Linda Vista Elementary School","19.3","18","99","Single Family Residential","SAN JOSE","95127","4","3.0","1712","2017","","N","",""
"http://www.redfin.com/CA/Gilroy/4450-Roop-Rd-95020/home/107690363","N","760000","6","3.7","Rucker Elementary School","63.2","43","101","Single Family Residential","GILROY","95020","3","2.0","1076","1900","","N","",""
"http://www.redfin.com/CA/Los-Gatos/21440-Roaring-Water-Way-95033/home/917292","N","499900","10","2.7","Loma Prieta Elementary School","36.9","29","102","Single Family Residential","LOS GATOS","95033","4","2.0","1680","1976","","N","",""
"http://www.redfin.com/CA/Gilroy/435-Old-Gilroy-St-95020/home/1029886","N","524550","6","2.9","Rucker Elementary School","59.5","38","104","Single Family Residential","GILROY","95020","3","1.5","1190","1977","","N","",""
"http://www.redfin.com/CA/San-Jose/1118-Cook-St-95126/home/680842","N","849000","5","1.1","Merritt Trace Elementary School","5.8","12","107","Single Family Residential","SAN JOSE","95126","4","2.0","1084","1942","","N","",""
"http://www.redfin.com/CA/San-Jose/1523-Eden-Ave-95117/home/112869917","N","739888","4","0.1","Rosemary Elementary School","9.7","14","108","Single Family Residential","SAN JOSE","95117","3","2.0","1075","1966","","N","",""
"http://www.redfin.com/CA/Gilroy/275-W-6th-St-95020/home/1772963","N","525000","5","0.7","El Roble Elementary School","61.0","41","123","Single Family Residential","GILROY","95020","4","2.5","1852","1910","","N","",""
"http://www.redfin.com/CA/San-Jose/8416-Chenin-Blanc-Ln-95135/home/1218684","Y","689000","10","0.6","Silver Oak Elementary School","27.3","27","147","Condo/Co-op","SAN JOSE","95135","2","2.0","1497","1978","914","N","",""
"http://www.redfin.com/CA/GILROY/6388-Emerald-Ln-95020/home/113165848","N","839500","","","","62.3","41","183","Single Family Residential","GILROY","95020","4","3.0","2731","2017","175","N","",""
"http://www.redfin.com/CA/Gilroy/6398-Emerald-Ln-95020/home/113114419","N","845500","","","","62.3","41","189","Single Family Residential","GILROY","95020","4","3.0","2918","2017","175","N","",""
"http://www.redfin.com/CA/San-Jose/3768-McKee-Rd-95127/home/104314633","N","670000","7","0.2","Millard McCollam Elementary School","19.3","18","232","Single Family Residential","SAN JOSE","95127","3","3.5","1434","2017","","N","",""
"http://www.redfin.com/CA/Mount-Hamilton/37125-San-Antonio-Valley-Rd-95140/home/17494442","N","450000","5","23.8","Apricot Valley Elementary School","60.9","1","450","Single Family Residential","Santa Clara","95140","3","2.0","1500","","","N","",""
